"","...1","sample","type","score.meth","score.delfi","score.meth_reg","ens_preds"
"1",1,"PGDX16571P","healthy",0.114793368719246,0.226180963227401,0.0893555970078798,0.0634826138150556
"2",2,"PGDX16601P","cancer",0.517856303226621,0.958259683953088,0.41919691429098,0.844258078769638
"3",3,"PGDX16605P","cancer",0.94229668703299,0.999697428607838,0.917521780147914,0.98553101594794
"4",4,"PGDX17725P","cancer",0.91746395426542,0.981939354292688,0.693995457279792,0.95644095618649
"5",5,"PGDX17735P","cancer",0.634591559238038,0.940319838110835,0.0670612921164163,0.486347577854155
"6",6,"PGDX17740P","cancer",0.988679521794945,0.998734971807821,0.993184659852205,0.989824970349529
"7",7,"PGDX17948P","healthy",0.872876328237039,0.0401492286600543,0.230168403708454,0.0608979257960174
"8",8,"PGDX17962P","healthy",0.00960721665187427,0.0349112058220771,0.0468154153588674,0.0258688699094903
"9",9,"PGDX17964P","healthy",0.0907919707114212,0.156161544520808,0.111124007470581,0.0543345336134987
"10",10,"PGDX17967P","healthy",0.0906845747653335,0.00529000913483746,0.0645610193773072,0.0251404310767714
"11",11,"PGDX17971P","healthy",0.192134835050362,0.0134438102457219,0.385237582577683,0.109072551439989
"12",12,"PGDX17975P","healthy",0.0165311251575323,0.0544503131868593,0.0495539612161318,0.0281836407091329
"13",13,"PGDX17978P","healthy",0.0117274968557785,0.0962886619770589,0.0311605288040174,0.0302578668930557
"14",14,"PGDX18261P","healthy",0.0506765533156014,0.607331482023102,0.0267248224995492,0.178644862557841
"15",15,"PGDX18270P","healthy",0.202435738041083,0.0423568209968286,0.154407128987797,0.0436120883683655
"16",16,"PGDX18284P","healthy",0.0411453297056966,0.00898337078831446,0.15425222054612,0.0385402950198381
"17",17,"PGDX18327P","healthy",0.0117487773936905,0.203432556457209,0.0414954022116774,0.0471302233146534
"18",18,"PGDX18329P","healthy",0.0192354673005575,0.00334763194551535,0.0414954022116774,0.0224215404978214
"19",19,"PGDX18332P","healthy",0.0308086295315277,0.0595381866384236,0.0485004133068231,0.028584273829198
"20",20,"PGDX18344P","healthy",0.0138994345940024,0.104610159280322,0.0414954022116774,0.0327319486137373
"21",21,"PGDX18422P","healthy",0.0454946132602763,0.0111975420271303,0.0509021771756345,0.0241238425828617
"22",22,"PGDX18432P","healthy",0.535528688337926,0.0171635695587979,0.545223458780764,0.210068007664085
"23",23,"PGDX18446P","healthy",0.114048243544335,0.245841950152235,0.115441846104234,0.0764399141565552
"24",24,"PGDX18450P","healthy",0.0273560310480925,0.0151776206714761,0.059514060782064,0.0254847422903606
"25",25,"PGDX18694P","healthy",0.0129443045240701,0.00778465295246011,0.0319867567151471,0.0218113804358196
"26",26,"PGDX18710P","healthy",0.0133872849091011,0.00900211279810559,0.0327533146597415,0.0219896970501742
"27",1,"PGDX16600P","cancer",0.966392810841812,0.949617170787218,0.818782065712003,0.94915870000664
"28",2,"PGDX17727P","cancer",0.973577029823907,0.914717161122613,0.901096017375565,0.957855181241456
"29",3,"PGDX17747P","cancer",0.996109658248549,0.979798677645099,0.994724450779446,0.976351188001997
"30",4,"PGDX17760P","cancer",0.998022276807932,0.999916697634841,0.994818338781649,0.977958182370179
"31",5,"PGDX17945P","healthy",0.0126825805457177,0.298594740639127,0.0430478614953564,0.0818860143209025
"32",6,"PGDX17979P","healthy",0.00498664571448835,0.065874351281192,0.0345336545626122,0.036297782692415
"33",7,"PGDX17980P","healthy",0.994168225250041,0.168787526578879,0.974219196887461,0.679645898192333
"34",8,"PGDX17983P","healthy",0.00427365597450792,0.161679729399183,0.0341434040091769,0.050242802966657
"35",9,"PGDX18241P","healthy",0.484183987514351,0.113630309729929,0.59983045343727,0.288154904671485
"36",10,"PGDX18244P","healthy",0.00668667492076198,0.0165239988092476,0.0411435776292999,0.0314010909580508
"37",11,"PGDX18257P","healthy",0.320333117989949,0.335830462918417,0.228508262051327,0.173487646835097
"38",12,"PGDX18260P","healthy",0.0240774452621699,0.0666027771755426,0.0355210655938019,0.0365239069115406
"39",13,"PGDX18271P","healthy",0.00297486822883782,0.0921720880677974,0.0472827813984939,0.0416605647275367
"40",14,"PGDX18285P","healthy",0.00252634275211289,0.265359404336366,0.0286379212005606,0.0696837761338408
"41",15,"PGDX18288P","healthy",0.00137909335008042,0.550207918343995,0.0395567942075306,0.177337148799893
"42",16,"PGDX18330P","healthy",0.02297071726644,0.068315265632354,0.107362246938244,0.0480481571792493
"43",17,"PGDX18335P","healthy",0.0765540544760847,0.0642746990241467,0.241710473686614,0.0775034673216676
"44",18,"PGDX18336P","healthy",0.0797321107189217,0.11697156951944,0.0286551510077259,0.0422910052016829
"45",19,"PGDX18338P","healthy",0.00430539660930022,0.20192329572365,0.100190435631145,0.0732070825529276
"46",20,"PGDX18418P","healthy",0.0306262510144503,0.219433033468622,0.0546615040411894,0.0657653700644124
"47",21,"PGDX18428P","healthy",0.00343032036487131,0.0864623273198823,0.0345748913740982,0.0389577260539703
"48",22,"PGDX18441P","healthy",0.215480993548861,0.206002190587264,0.213227379700646,0.11075205479402
"49",23,"PGDX18447P","healthy",0.00351410117558028,0.10793242874511,0.0557638776453871,0.0453713388696587
"50",24,"PGDX18454P","healthy",0.0153482398470464,0.0905746835898062,0.0535612914607107,0.0424175023216209
"51",25,"PGDX18456P","healthy",0.0029105258912494,0.0853259485304916,0.0286551510077259,0.0379544636814755
"52",26,"PGDX18689P","healthy",0.00295620767955237,0.349325690812062,0.0335073682362148,0.0933396489747577
"53",27,"PGDX8256P","cancer",0.270797094089911,0.627561440450342,0.0828393845679235,0.251579730198576
"54",1,"PGDX16587P","healthy",0.195932682197878,0.386139585545467,0.0402419211366553,0.106367531850294
"55",2,"PGDX16604P","cancer",0.792712205669023,0.354064823521065,0.802734193571905,0.659207164969455
"56",3,"PGDX17726P","cancer",0.0754159639616974,0.469550779732687,0.106770530266578,0.16754794177781
"57",4,"PGDX17732P","cancer",0.322021266794227,0.768067801554222,0.305040124314373,0.531386978417291
"58",5,"PGDX17734P","cancer",0.9145202183047,0.97858774411225,0.941749559639875,0.961955699305031
"59",6,"PGDX17754P","cancer",0.385056494031473,0.492497071783667,0.267878068305853,0.285618419612422
"60",7,"PGDX17942P","healthy",0.0665822338701869,0.121111552189092,0.0460636416447047,0.0486472930240035
"61",8,"PGDX17943P","healthy",0.082031590575019,0.14524888280745,0.485899632041336,0.226973049327223
"62",9,"PGDX17952P","healthy",0.0239179854511211,0.377506630671141,0.105568966428071,0.12911929812684
"63",10,"PGDX17956P","healthy",0.0442285581710879,0.729988544151665,0.0341472417586982,0.263726461834324
"64",11,"PGDX18263P","healthy",0.336559758983944,0.178079580684963,0.0906478938414936,0.0680037363396307
"65",12,"PGDX18264P","healthy",0.104239542701476,0.175768936204923,0.0799900204786578,0.0650240542559465
"66",13,"PGDX18275P","healthy",0.0789600501987792,0.401184837645193,0.118006064763089,0.1437950759178
"67",14,"PGDX18342P","healthy",0.0282228090177914,0.0938542862026986,0.049208469697025,0.0451949046937618
"68",15,"PGDX18421P","healthy",0.0405076728766252,0.00771265260113119,0.0602457418614972,0.0359006476639435
"69",16,"PGDX18425P","healthy",0.0282228090177914,0.0168804505717888,0.0652457790722768,0.0376343556084558
"70",17,"PGDX18436P","healthy",0.0474111333253158,0.629288444443645,0.0789670002838724,0.233965899288053
"71",18,"PGDX18437P","healthy",0.0618073085975022,0.102613600276827,0.0572985476589286,0.0478262499536494
"72",19,"PGDX18440P","healthy",0.368506933498455,0.393063002800469,0.900078493725025,0.760729955816791
"73",20,"PGDX18445P","healthy",0.0428990261822756,0.0624750194926502,0.0552519084033407,0.04187684534418
"74",21,"PGDX18451P","healthy",0.0283833642247869,0.108383575949986,0.0780272854598191,0.0524684753927159
"75",22,"PGDX18691P","healthy",0.0999768193614625,0.202667820486472,0.128047167288177,0.0835219338590347
"76",23,"PGDX18695P","healthy",0.117722969804953,0.0163001994922949,0.14178863565937,0.049597135859278
"77",24,"PGDX18705P","healthy",0.0342672384345083,0.125370714146268,0.0430309019225004,0.0487596928131769
"78",25,"PGDX18706P","healthy",0.0518667925673891,0.132269036031733,0.0513104235030458,0.0513253188143195
"79",26,"PGDX8258P","cancer",0.15047478807768,0.363992344118747,0.452795172045202,0.346260901495172
"80",1,"PGDX16570P","healthy",0.243951895387268,0.0402245825499989,0.0629152902593955,0.0544559872016915
"81",2,"PGDX16586P","healthy",0.300971598763372,0.0338229046579053,0.0638418324497433,0.0536114373229637
"82",3,"PGDX16597P","cancer",0.913730714906961,0.0353476442557634,0.696056733086603,0.231813366535288
"83",4,"PGDX16598P","cancer",0.814819616305983,0.991694403736055,0.902695849198734,0.898513757978165
"84",5,"PGDX17724P","cancer",0.804307452417539,0.469321594334656,0.820360648846592,0.602470584564502
"85",6,"PGDX17745P","cancer",0.0944553763872088,0.735636192510426,0.160859865672003,0.369254322177685
"86",7,"PGDX17755P","cancer",0.991256219615721,0.920761820872937,0.953945714170436,0.891473679969189
"87",8,"PGDX17941P","healthy",0.0256250223597197,0.445140696772717,0.0401402189759568,0.15255457975976
"88",9,"PGDX17958P","healthy",0.118192626465555,0.576862443079159,0.0859681424195338,0.23085594785614
"89",10,"PGDX17961P","healthy",0.0937299717187596,0.163910981623908,0.0637814448997385,0.0768738146597023
"90",11,"PGDX17984P","healthy",0.029497506252655,0.0136504343522736,0.0399366628504734,0.0477093922300458
"91",12,"PGDX17990P","healthy",0.0256250223597197,0.391941872239825,0.0296614702699924,0.130110445174754
"92",13,"PGDX17991P","healthy",0.0451920676781344,0.0632510135528754,0.0296614702699924,0.053459473355612
"93",14,"PGDX18248P","healthy",0.030313802104223,0.105892822875216,0.0475750529794111,0.0629572601678456
"94",15,"PGDX18253P","healthy",0.0523760804605608,0.129656716748325,0.0782481032341443,0.0724989815979964
"95",16,"PGDX18254P","healthy",0.0554263059421731,0.224340163698903,0.0345087303066702,0.0844168817629767
"96",17,"PGDX18267P","healthy",0.181587577772892,0.176562287743464,0.152292905029589,0.0984512051398047
"97",18,"PGDX18268P","healthy",0.0643049793283393,0.278356656001087,0.0865530559153693,0.110424709743985
"98",19,"PGDX18272P","healthy",0.100861738119856,0.0491727165830407,0.0346390286047365,0.0520316411595055
"99",20,"PGDX18281P","healthy",0.0499231458235334,0.032716837730563,0.0754582626621593,0.0550175091005076
"100",21,"PGDX18347P","healthy",0.0934721130059345,0.0495864565418502,0.0632366253926265,0.055946837223434
"101",22,"PGDX18433P","healthy",0.030313802104223,0.0891259914041203,0.0508202606925852,0.0605747922683455
"102",23,"PGDX18438P","healthy",0.226117649592054,0.35031180463807,0.0296614702699924,0.116774893025295
"103",24,"PGDX18459P","healthy",0.196017016657593,0.0252222672474113,0.0509325615086977,0.0506692014824698
"104",25,"PGDX18707P","healthy",0.0441934314032104,0.133050019972273,0.0651059051739075,0.0708604586058059
"105",26,"PGDX18708P","healthy",0.0306130499318417,0.327824926589016,0.0531088090660877,0.116285247622633
"106",27,"PGDX8259P","cancer",0.854587367715872,0.652739257121048,0.905461735244031,0.765629830330734
"107",1,"PGDX16588P","healthy",0.139518151392756,0.523713611836554,0.0300588619563374,0.156037589721879
"108",2,"PGDX16606P","cancer",0.962603122456358,0.809778646994153,0.946656402820424,0.963415794903561
"109",3,"PGDX17737P","cancer",0.981062808290138,0.988750664388382,0.936533308524817,0.981023440264348
"110",4,"PGDX17738P","cancer",0.707685405524263,0.750665814414873,0.702470427727862,0.882700563292851
"111",5,"PGDX17748P","cancer",0.0634961593315237,0.151367562201121,0.0824244493163495,0.0492146740037762
"112",6,"PGDX17759P","cancer",0.979956240465925,1,0.975681961781959,0.984530746456639
"113",7,"PGDX17761P","cancer",0.990179004242944,0.737391736117215,0.950341982132681,0.952408978758046
"114",8,"PGDX17955P","healthy",0.659049030722584,0.182569922144418,0.421795635747517,0.193998688869309
"115",9,"PGDX17969P","healthy",0.0174627032859016,0.47160004905207,0.0484498813037848,0.139413479725987
"116",10,"PGDX17981P","healthy",0.0382259438185414,0.175007442001273,0.134135377931259,0.0659089781199887
"117",11,"PGDX17986P","healthy",0.0368900972427895,0.473304258244269,0.0777547007092774,0.155588397306504
"118",12,"PGDX18240P","healthy",0.0318175270262488,0.0161410318691189,0.0412214382605691,0.0247470244555829
"119",13,"PGDX18245P","healthy",0.0129038432338561,0.00052151648394405,0.0300588619563374,0.0222486048113364
"120",14,"PGDX18246P","healthy",0.01990004393013,0.0179807148782812,0.0505555055246152,0.0258868670802365
"121",15,"PGDX18266P","healthy",0.0683615719351521,0.0731575117061897,0.0257231224680074,0.0290243680371153
"122",16,"PGDX18282P","healthy",0.0315858477127221,0.934082770205673,0.0345819942838815,0.493502043659072
"123",17,"PGDX18340P","healthy",0.0186143806665807,0.035226075456531,0.0346913185613516,0.0259639497889669
"124",18,"PGDX18343P","healthy",0.098623029662567,0.21810099175079,0.0686027674554323,0.0600084008854948
"125",19,"PGDX18346P","healthy",0.0196822654805128,0.00321749918291481,0.036057760980578,0.0230397938845184
"126",20,"PGDX18434P","healthy",0.0199184837555669,0.00170482712892772,0.0587972585114075,0.0251194006510792
"127",21,"PGDX18443P","healthy",0.0239782882923428,0.171898482618434,0.0639613476930418,0.0494677762024643
"128",22,"PGDX18453P","healthy",0.0117391785758829,0.117080814600238,0.0346913185613516,0.0356750539171845
"129",23,"PGDX18692P","healthy",0.168160504992731,0.182753771533311,0.115569927037537,0.0631197832654254
"130",24,"PGDX18696P","healthy",0.0190651340235501,0.0846126127091285,0.0493347611787631,0.0333730773470577
"131",25,"PGDX18699P","healthy",0.283268000344817,0.82124092175041,0.307104614892311,0.658354609603574
"132",26,"PGDX18711P","healthy",0.0143319080163596,0.119773781770954,0.0257231224680074,0.0347735798044969
"133",27,"PGDX8176P","cancer",0.131048778230147,0.987355907176287,0.419203173353897,0.856620906995545
"134",1,"PGDX16593P","healthy",0.0379494837804826,0.245333460411194,0.0631459066216285,0.0655347723140302
"135",2,"PGDX16603P","cancer",0.0134252882429223,0.355613243573866,0.0499418878285777,0.0915208648147289
"136",3,"PGDX16607P","cancer",0.859641402949643,0.111103399976093,0.824154668625242,0.460019093063677
"137",4,"PGDX17733P","cancer",0.609589812549515,0.545687604600557,0.64807845104465,0.685208270253761
"138",5,"PGDX17736P","cancer",0.0227375443512503,0.396240363183808,0.0424988654740515,0.102298322178865
"139",6,"PGDX17753P","cancer",0.05591093790428,0.0504605387485616,0.0994135199435775,0.0374566859836243
"140",7,"PGDX17763P","cancer",0.96919094054373,0.67045333929296,0.802122209441536,0.864599457709005
"141",8,"PGDX17946P","healthy",0.0127132678639689,0.0625122904625758,0.214606077243958,0.0602670102723448
"142",9,"PGDX17950P","healthy",0.0143961750218185,0.0282014185876849,0.0523996156371557,0.0288763987548846
"143",10,"PGDX17953P","healthy",0.0177072929336438,0.0716273493027844,0.0359051803961933,0.0317575161344256
"144",11,"PGDX17965P","healthy",0.0323698975083771,0.125952552583595,0.073035636530921,0.0444959142723338
"145",12,"PGDX18238P","healthy",0.0364023488224486,0.0404272771148773,0.101089563419364,0.0363521197729993
"146",13,"PGDX18251P","healthy",0.0364514432389514,0.222300925031285,0.0504338625807868,0.0576465384228467
"147",14,"PGDX18252P","healthy",0.00932792076445478,0.0548866261187603,0.0763368718411973,0.0348651568856809
"148",15,"PGDX18279P","healthy",0.0139813851296781,0.0192047422943223,0.0943462584682816,0.0328059058736311
"149",16,"PGDX18334P","healthy",0.0647559433577015,0.0641863334612484,0.0403113575138086,0.0314339683012714
"150",17,"PGDX18426P","healthy",0.0864161836445998,0.413743766499877,0.0969618546010575,0.131085450834576
"151",18,"PGDX18430P","healthy",0.07890852450969,0.203687417608656,0.117198160070489,0.0690960687010509
"152",19,"PGDX18435P","healthy",0.0638130294256706,0.0632528416414377,0.0530171892504141,0.0328842817864383
"153",20,"PGDX18439P","healthy",0.0153071645339954,0.582901739796543,0.179673975674922,0.282976284028854
"154",21,"PGDX18448P","healthy",0.0507624292143504,0.175701557842233,0.207384447105979,0.0870579190454411
"155",22,"PGDX18449P","healthy",0.0219135926761053,0.105647143540954,0.185812591933659,0.0630716839243315
"156",23,"PGDX18452P","healthy",0.027528063606756,0.00835422655046425,0.0303577382711819,0.0246765370953024
"157",24,"PGDX18458P","healthy",0.0104368327114184,0.0918012619781956,0.0498304872461206,0.0360320302670905
"158",25,"PGDX18460P","healthy",0.0129869143684241,0.0889706393672793,0.0492200932583186,0.0355818142566756
"159",26,"PGDX18690P","healthy",0.545050233877123,0.0897040831884495,0.168307365554451,0.0558685395390808
"160",27,"PGDX18698P","healthy",0.151574872839172,0.176671221732457,0.268162633186839,0.108442319215071
"161",28,"PGDX18703P","healthy",0.0169396662062454,0.0764247606714594,0.0578113637508292,0.0351300849372618
"162",1,"PGDX17744P","cancer",0.289844542625887,0.343957437364466,0.197171087606953,0.188257504889061
"163",2,"PGDX17746P","cancer",0.937767621664928,0.952419545750046,0.710984287759476,0.700243870560691
"164",3,"PGDX17749P","cancer",0.88711102135298,0.999528005823445,0.687274933699184,0.709700009772298
"165",4,"PGDX17752P","cancer",0.0306533038211441,0.187975645940783,0.0293072391913633,0.10626878197297
"166",5,"PGDX17758P","cancer",0.775623445330578,0.331866744903272,0.829302547356572,0.460582846975056
"167",6,"PGDX17949P","healthy",0.0136262080521619,0.259980758624995,0.124679354105816,0.143874239466699
"168",7,"PGDX17954P","healthy",0.0458349349152123,0.0228635587893409,0.0950454810133698,0.0890520221360004
"169",8,"PGDX17957P","healthy",0.00883214791987539,0.0255936241356304,0.0443390665687664,0.081192366078026
"170",9,"PGDX17982P","healthy",0.00822166583653556,0.0108928290081315,0.0322268997403798,0.077170420316425
"171",10,"PGDX17988P","healthy",0.0519260557401566,0.681373877181904,0.158530848250659,0.297306736678909
"172",11,"PGDX18233P","healthy",0.00924459289911471,0.00113724781427926,0.0630273082166986,0.0804343740056644
"173",12,"PGDX18234P","healthy",0.00770587829694362,0.0169588490585764,0.0303315441097236,0.0777626134211812
"174",13,"PGDX18236P","healthy",0.0694296088875953,0.0256005734298763,0.281996080028462,0.127079734103427
"175",14,"PGDX18239P","healthy",0.023590160406367,0.040055582255949,0.0213507705074898,0.0797832048226069
"176",15,"PGDX18265P","healthy",0.00844298303666858,0.388919796111878,0.241702243684123,0.218078118410709
"177",16,"PGDX18273P","healthy",0.0511328923755014,0.110153455088529,0.073962265666386,0.100379165290179
"178",17,"PGDX18328P","healthy",0.00762647456986815,0.0416043269539087,0.0570423144104548,0.0857089246837486
"179",18,"PGDX18333P","healthy",0.006232963361799,0.191637235171357,0.0252498895946934,0.106162684931142
"180",19,"PGDX18442P","healthy",0.087717353693322,0.325514758700245,0.0839196246343332,0.14975021025941
"181",20,"PGDX18455P","healthy",0.00928672910216975,0.870933872959048,0.0322268997403798,0.322544361326673
"182",21,"PGDX18457P","healthy",0.0861906785258911,0.20713530795664,0.118721198166825,0.129784394997081
"183",22,"PGDX18693P","healthy",0.00712780408837707,0.706351750392595,0.0553969052298756,0.263805909856974
"184",23,"PGDX18697P","healthy",0.336899796354445,0.44406533660113,0.180383291833099,0.215146058710901
"185",24,"PGDX18701P","healthy",0.0175532279707464,0.00826131815686926,0.0525645560333913,0.079876231906553
"186",25,"PGDX18704P","healthy",0.0345968068478568,0.963453377645496,0.0606795229742704,0.378662766531376
"187",26,"PGDX18712P","healthy",0.399542307804861,0.140595173736719,0.357638324449084,0.177179233476363
"188",27,"PGDX18713P","healthy",0.0314532736239177,0.159167853854513,0.073738653072157,0.109645920303249
"189",28,"PGDX8175P","cancer",0.777572553475464,0.483064007380302,0.346535832910414,0.296025240833203
"190",29,"PGDX8261P","cancer",0.98838115199833,0.944417836218529,0.946573177325364,0.790367950824324
"191",1,"PGDX16584P","healthy",0.0181947304857134,0.479808399358925,0.119652065936669,0.18236484940879
"192",2,"PGDX16594P","healthy",0.00440382945837547,0.365984401120557,0.019439529334358,0.0821877146281901
"193",3,"PGDX17728P","cancer",0.731922259233817,0.181018657236517,0.853956950811603,0.450144904983143
"194",4,"PGDX17731P","cancer",0.978767953673182,0.237416777913545,0.968976396991889,0.621120125664396
"195",5,"PGDX17742P","cancer",0.0478683680144091,0.0353597344856953,0.0117652932342608,0.0177486750018757
"196",6,"PGDX17743P","cancer",0.989554862698587,0.735930569875801,0.970970814928057,0.946450672258055
"197",7,"PGDX17947P","healthy",0.385001299381386,0.153019487529677,0.0443553835917145,0.0344462811344614
"198",8,"PGDX17951P","healthy",0.00232418642294559,0.512855409808388,0.0150841871533278,0.150490571728126
"199",9,"PGDX17960P","healthy",0.0103708488545627,0.0323969043745006,0.0645413741753461,0.0212056037410792
"200",10,"PGDX17970P","healthy",0.0022244453958941,0.026591884981205,0.0913570672433832,0.0227474974126111
"201",11,"PGDX17972P","healthy",0.00888695774695749,0.801306824019204,0.0702692597484248,0.461405764492462
"202",12,"PGDX17976P","healthy",0.00065831891661944,0.169845364418543,0.0150354649976751,0.0335062534046044
"203",13,"PGDX18235P","healthy",0.0112213293281552,0.0048399701295756,0.0780874035108663,0.0195911430538174
"204",14,"PGDX18242P","healthy",0.208167841252892,0.00434408502546335,0.19866042706816,0.0302233329474138
"205",15,"PGDX18247P","healthy",0.00274338652021659,0.0101730238911714,0.0272686853117339,0.0166943656904182
"206",16,"PGDX18280P","healthy",0.485003278677573,0.0208836428036628,0.236185077322967,0.0372997988572802
"207",17,"PGDX18283P","healthy",0.00146548858142528,0.32595770346284,0.134550126497968,0.101857297825226
"208",18,"PGDX18424P","healthy",0.18767383153794,0.067159866713223,0.269480615724299,0.05179234764815
"209",19,"PGDX18429P","healthy",0.0940705956849625,0.0094544339719298,0.36083586907208,0.0550343755795962
"210",20,"PGDX18431P","healthy",0.101727560263206,0.00259205842730326,0.0266688968636607,0.0160776227940496
"211",21,"PGDX18444P","healthy",0.0299376223804933,0.283069300586256,0.254103049911278,0.125903941534553
"212",22,"PGDX18700P","healthy",0.145303370797221,0.0280547924986817,0.241080460746648,0.0392216431242637
"213",23,"PGDX18702P","healthy",0.00283355761910256,0.0535268529071228,0.0609409774260848,0.0230915653078639
"214",24,"PGDX18709P","healthy",0.0252870568468034,0.264591013937467,0.291292423749348,0.131504092800541
"215",25,"PGDX8257P","cancer",0.0311405704201314,0.989610049228127,0.0431439803807677,0.654793252307085
"216",1,"PGDX16585P","healthy",0.147377499383109,0.366747515362054,0.019968934098001,0.0951223403160076
"217",2,"PGDX16591P","healthy",0.251822556434909,0.472146215701461,0.116521324173045,0.199156989492906
"218",3,"PGDX17729P","cancer",0.29740345016734,0.85674322460513,0.0963137305211234,0.597249415220217
"219",4,"PGDX17750P","cancer",0.75511993973333,0.992874339862112,0.904441900802455,0.981917916408337
"220",5,"PGDX17751P","cancer",0.280907173802226,0.470531007732202,0.467881992994187,0.470028798119015
"221",6,"PGDX17757P","cancer",0.976613741872054,0.981374307867014,0.98554518708045,0.985717038966039
"222",7,"PGDX17762P","cancer",0.572243170444789,0.801047819936198,0.70406287926227,0.911949765487948
"223",8,"PGDX17944P","healthy",0.0318123287317778,0.102344420273837,0.0176473237018581,0.0282163596436389
"224",9,"PGDX17959P","healthy",0.0603876861691971,0.263374125083463,0.0285707553868222,0.0617438085552441
"225",10,"PGDX17963P","healthy",0.0446739308226411,0.577174550379545,0.0295861448232057,0.231404041351017
"226",11,"PGDX17966P","healthy",0.192155255422254,0.0423087802432512,0.0970513668514341,0.0281863337943631
"227",12,"PGDX17973P","healthy",0.0848300492355871,0.169375095040775,0.0165879016232235,0.0384548007903662
"228",13,"PGDX17974P","healthy",0.0618036249490563,0.12945027811461,0.0274087996032622,0.0331610190057096
"229",14,"PGDX17985P","healthy",0.0370071225691437,0.155814277203968,0.0610820469958554,0.04218447936161
"230",15,"PGDX18256P","healthy",0.0536047127770391,0.0279558760167975,0.0441072761347582,0.0218281234075695
"231",16,"PGDX18258P","healthy",0.0249194744941197,0.0990331508936744,0.0345957803685455,0.0294969819029285
"232",17,"PGDX18326P","healthy",0.0356024924100385,0.00830408133884675,0.0117431259531418,0.0177174939899275
"233",18,"PGDX18337P","healthy",0.307821113979376,0.879539702595649,0.334337376754962,0.797524347179392
"234",19,"PGDX18341P","healthy",0.0350016971608789,0.0890339232403569,0.0195679709213096,0.0266856342775533
"235",20,"PGDX18348P","healthy",0.050531832825609,0.0852461615568257,0.0705258280102914,0.0313907593922035
"236",21,"PGDX18349P","healthy",0.128752326241259,0.123146807454991,0.264702802244378,0.0731615458089693
"237",22,"PGDX18417P","healthy",0.101031480250679,0.17558762558195,0.108939849055245,0.0545387966951855
"238",23,"PGDX18419P","healthy",0.0425873463362135,0.246128548689816,0.0127234638720504,0.0540593310339191
"239",24,"PGDX18420P","healthy",0.0504586362186198,0.0228922831616138,0.069466754898425,0.0233250339628001
"240",25,"PGDX18427P","healthy",0.0948040200910837,0.0505099719584943,0.113212497420916,0.0310132346682095
"241",26,"PGDX18461P","healthy",0.05009731629486,0.0212751086346401,0.0151042294013326,0.0190699863665481
"242",27,"PGDX8260P","cancer",0.984351908048153,0.757022077333608,0.994564205156737,0.960174512517042
"243",1,"PGDX16568P","healthy",0.0665629677855607,0.227890485623357,0.0262348306556511,0.0865732375087719
"244",2,"PGDX16569P","healthy",0.560377996597693,0.397882003092889,0.16410771953333,0.172955808127917
"245",3,"PGDX16592P","healthy",0.172111178072057,0.49066005496169,0.124823313972902,0.187538051120019
"246",4,"PGDX16608P","cancer",0.0720708476474765,0.640172080940506,0.096969038680272,0.230792841658573
"247",5,"PGDX17730P","cancer",0.314020986314667,0.996829708749826,0.149499749712858,0.442225211707443
"248",6,"PGDX17739P","cancer",0.0633183808030821,0.298588474853475,0.0570741490763586,0.108691750679025
"249",7,"PGDX17756P","cancer",0.983682856136225,0.997121390842169,0.987039731976577,0.900701859609812
"250",8,"PGDX17940P","healthy",0.0175265703535123,0.7597318389592,0.0358154502034222,0.248386786215668
"251",9,"PGDX17968P","healthy",0.0342676734018469,0.260017820772262,0.0358154502034222,0.0949554012166667
"252",10,"PGDX17977P","healthy",0.0263457554945264,0.133073312209371,0.0609569631160885,0.0777798740992817
"253",11,"PGDX17987P","healthy",0.0222866803923072,0.499778949904566,0.0736406595584018,0.168815215613333
"254",12,"PGDX17989P","healthy",0.0215006242556278,0.236452788935754,0.0358154502034222,0.0904064563347926
"255",13,"PGDX18237P","healthy",0.18516470373943,0.0499442855436931,0.31991223684496,0.128932506904805
"256",14,"PGDX18243P","healthy",0.0354145906025738,0.0186587276320164,0.0606088624878289,0.0608473639280873
"257",15,"PGDX18249P","healthy",0.0373015859059019,0.104966034288593,0.145038593126946,0.0917184392630004
"258",16,"PGDX18255P","healthy",0.0696539861908861,0.532923207479469,0.049283707620835,0.16955197189922
"259",17,"PGDX18259P","healthy",0.609390857914459,0.0294885653875098,0.537097707874023,0.209892148336928
"260",18,"PGDX18262P","healthy",0.0961848327941649,0.137502075494393,0.0354455042122831,0.0733081716173167
"261",19,"PGDX18269P","healthy",0.0373194281679789,0.225679322943226,0.0403918971606865,0.089471543490854
"262",20,"PGDX18276P","healthy",0.020737074192993,0.0324173519220098,0.0430275713000818,0.05973935880244
"263",21,"PGDX18331P","healthy",0.020737074192993,0.0412345270527397,0.0410679576803931,0.0605615218274973
"264",22,"PGDX18339P","healthy",0.0207729277414685,0.101957462049501,0.0354455042122831,0.0679534824997535
"265",23,"PGDX18345P","healthy",0.0342676734018469,0.314055363727541,0.049283707620835,0.109942760599422
"266",24,"PGDX18423P","healthy",0.0257718243966316,0.0415188813801255,0.0719684059643869,0.0659227058995274
"267",25,"PGDX18688P","healthy",0.218262597629731,0.228874622472962,0.130054871104914,0.113857837028661
"268",26,"PGDX8173P","cancer",0.444691448069337,0.947588713924753,0.147568434319226,0.413185611281284
"269",27,"PGDX8174P","cancer",0.967068813385288,0.99907670916607,0.951971993881377,0.891631957830108
"270",28,"PGDX8262P","cancer",0.248649879762415,0.922908910115666,0.361037010702781,0.553181005996507
